insert into dpr_departamento (DPR_ID, DPR_DATA_HORA_EXCLUSAO, DPR_EMAIL, DPR_NOME, DPR_SIGLA, DPR_ID_SUPERIOR) values (11, null, 'diretoria@sisgestor.com', 'Diretoria', 'DIR', null);
insert into dpr_departamento (DPR_ID, DPR_DATA_HORA_EXCLUSAO, DPR_EMAIL, DPR_NOME, DPR_SIGLA, DPR_ID_SUPERIOR) values (1, null, 'dti@sisgestor.com', 'Departamento de TI', 'DTI', 11);
insert into dpr_departamento (DPR_ID, DPR_DATA_HORA_EXCLUSAO, DPR_EMAIL, DPR_NOME, DPR_SIGLA, DPR_ID_SUPERIOR) values (10, null, 'drh@sisgestor.com', 'Departamento de Recursos Humanos', 'DRH', 11);
insert into dpr_departamento (DPR_ID, DPR_DATA_HORA_EXCLUSAO, DPR_EMAIL, DPR_NOME, DPR_SIGLA, DPR_ID_SUPERIOR) values (4, null, 'dds@sisgestor.com', 'Departamento de Desenvolvimento de Software', 'DDS', 1);
insert into dpr_departamento (DPR_ID, DPR_DATA_HORA_EXCLUSAO, DPR_EMAIL, DPR_NOME, DPR_SIGLA, DPR_ID_SUPERIOR) values (5, null, 'die@sisgestor.com', 'Departamento de Infra-Estrutura', 'DIE', 1);
insert into dpr_departamento (DPR_ID, DPR_DATA_HORA_EXCLUSAO, DPR_EMAIL, DPR_NOME, DPR_SIGLA, DPR_ID_SUPERIOR) values (6, null, 'nrq@sisgestor.com', 'Núcleo de Requisitos', 'NRQ', 4);
insert into dpr_departamento (DPR_ID, DPR_DATA_HORA_EXCLUSAO, DPR_EMAIL, DPR_NOME, DPR_SIGLA, DPR_ID_SUPERIOR) values (7, null, 'nim@sisgestor.com', 'Núcleo de Implementação', 'NIM', 4);
insert into dpr_departamento (DPR_ID, DPR_DATA_HORA_EXCLUSAO, DPR_EMAIL, DPR_NOME, DPR_SIGLA, DPR_ID_SUPERIOR) values (8, null, 'nts@sisgestor.com', 'Núcleo de Testes', 'NTS', 4);
insert into dpr_departamento (DPR_ID, DPR_DATA_HORA_EXCLUSAO, DPR_EMAIL, DPR_NOME, DPR_SIGLA, DPR_ID_SUPERIOR) values (9, null, 'npr@sisgestor.com', 'Núcleo de Projetos', 'NPR', 4);
insert into dpr_departamento (DPR_ID, DPR_DATA_HORA_EXCLUSAO, DPR_EMAIL, DPR_NOME, DPR_SIGLA, DPR_ID_SUPERIOR) values (12, null, 'dfi@sisgestor.com', 'Departamento de Finanças', 'DFI', 10);
insert into dpr_departamento (DPR_ID, DPR_DATA_HORA_EXCLUSAO, DPR_EMAIL, DPR_NOME, DPR_SIGLA, DPR_ID_SUPERIOR) values (13, null, 'dpe@sisgestor.com', 'Departamento Pessoal', 'DPE', 10);
insert into dpr_departamento (DPR_ID, DPR_DATA_HORA_EXCLUSAO, DPR_EMAIL, DPR_NOME, DPR_SIGLA, DPR_ID_SUPERIOR) values (14, null, 'dcm@sisgestor.com', 'Departamento de Comunicação', 'DCM', 10);
insert into dpr_departamento (DPR_ID, DPR_DATA_HORA_EXCLUSAO, DPR_EMAIL, DPR_NOME, DPR_SIGLA, DPR_ID_SUPERIOR) values (15, null, 'nmk@sisgestor.com', 'Núcleo de Marketing', 'NMK', 14);

insert into uur_usuario (UUR_ID, UUR_CHEFE, UUR_DATA_HORA_EXCLUSAO, UUR_EMAIL, UUR_LOGIN, UUR_NOME, UUR_SENHA, DPR_ID) values (1, 0, null, 'admin@sisgestor.com', 'admin', 'Administrador', 'admin', 11);
insert into uur_usuario (UUR_ID, UUR_CHEFE, UUR_DATA_HORA_EXCLUSAO, UUR_EMAIL, UUR_LOGIN, UUR_NOME, UUR_SENHA, DPR_ID) values (2, 0, null, 'gestorti@sisgestor.com', 'gestorti', 'Gestor DTI', 'gestorti', 1);
insert into uur_usuario (UUR_ID, UUR_CHEFE, UUR_DATA_HORA_EXCLUSAO, UUR_EMAIL, UUR_LOGIN, UUR_NOME, UUR_SENHA, DPR_ID) values (3, 0, null, 'userdti@sisgestor.com', 'userdti', 'Usuário DTI', 'userti', 1);
insert into uur_usuario (UUR_ID, UUR_CHEFE, UUR_DATA_HORA_EXCLUSAO, UUR_EMAIL, UUR_LOGIN, UUR_NOME, UUR_SENHA, DPR_ID) values (4, 0, null, 'gestordds@sisgestor.com', 'gestordds', 'Gestor DDS', 'gestordds', 4);
insert into uur_usuario (UUR_ID, UUR_CHEFE, UUR_DATA_HORA_EXCLUSAO, UUR_EMAIL, UUR_LOGIN, UUR_NOME, UUR_SENHA, DPR_ID) values (5, 0, null, 'userdds@sisgestor.com', 'userdds', 'Usuário DDS', 'userdds', 4);
insert into uur_usuario (UUR_ID, UUR_CHEFE, UUR_DATA_HORA_EXCLUSAO, UUR_EMAIL, UUR_LOGIN, UUR_NOME, UUR_SENHA, DPR_ID) values (6, 0, null, 'gestordie@sisgestor.com', 'gestordie', 'Gestor DIE', 'gestordie', 5);
insert into uur_usuario (UUR_ID, UUR_CHEFE, UUR_DATA_HORA_EXCLUSAO, UUR_EMAIL, UUR_LOGIN, UUR_NOME, UUR_SENHA, DPR_ID) values (7, 0, null, 'userdie@sisgestor.com', 'userdie', 'Usuário DIE', 'userdie', 5);
insert into uur_usuario (UUR_ID, UUR_CHEFE, UUR_DATA_HORA_EXCLUSAO, UUR_EMAIL, UUR_LOGIN, UUR_NOME, UUR_SENHA, DPR_ID) values (8, 0, null, 'gestornrq@sisgestor.com', 'gestornrq', 'Gestor NRQ', 'gestornrq', 6);
insert into uur_usuario (UUR_ID, UUR_CHEFE, UUR_DATA_HORA_EXCLUSAO, UUR_EMAIL, UUR_LOGIN, UUR_NOME, UUR_SENHA, DPR_ID) values (9, 0, null, 'usernrq@sisgestor.com', 'usernrq', 'Usuário NRQ', 'usernrq', 6);
insert into uur_usuario (UUR_ID, UUR_CHEFE, UUR_DATA_HORA_EXCLUSAO, UUR_EMAIL, UUR_LOGIN, UUR_NOME, UUR_SENHA, DPR_ID) values (10, 0, null, 'gestornim@sisgestor.com', 'gestornim', 'Gestor NIM', 'gestornim', 7);
insert into uur_usuario (UUR_ID, UUR_CHEFE, UUR_DATA_HORA_EXCLUSAO, UUR_EMAIL, UUR_LOGIN, UUR_NOME, UUR_SENHA, DPR_ID) values (11, 0, null, 'usernim@sisgestor.com', 'usernim', 'Usuário NIM', 'usernim', 7);
insert into uur_usuario (UUR_ID, UUR_CHEFE, UUR_DATA_HORA_EXCLUSAO, UUR_EMAIL, UUR_LOGIN, UUR_NOME, UUR_SENHA, DPR_ID) values (12, 0, null, 'gestornts@sisgestor.com', 'gestornts', 'Gestor NTS', 'gestornts', 8);
insert into uur_usuario (UUR_ID, UUR_CHEFE, UUR_DATA_HORA_EXCLUSAO, UUR_EMAIL, UUR_LOGIN, UUR_NOME, UUR_SENHA, DPR_ID) values (13, 0, null, 'usernts@sisgestor.com', 'usernts', 'Usuário NTS', 'usernts', 8);
insert into uur_usuario (UUR_ID, UUR_CHEFE, UUR_DATA_HORA_EXCLUSAO, UUR_EMAIL, UUR_LOGIN, UUR_NOME, UUR_SENHA, DPR_ID) values (14, 0, null, 'gestornpr@sisgestor.com', 'gestornpr', 'Gestor NPR', 'gestornpr', 9);
insert into uur_usuario (UUR_ID, UUR_CHEFE, UUR_DATA_HORA_EXCLUSAO, UUR_EMAIL, UUR_LOGIN, UUR_NOME, UUR_SENHA, DPR_ID) values (15, 0, null, 'usernpr@sisgestor.com', 'usernpr', 'Usuário NPR', 'usernpr', 9);
insert into uur_usuario (UUR_ID, UUR_CHEFE, UUR_DATA_HORA_EXCLUSAO, UUR_EMAIL, UUR_LOGIN, UUR_NOME, UUR_SENHA, DPR_ID) values (16, 0, null, 'gestordrh@sisgestor.com', 'gestordrh', 'Gestor DRH', 'gestordrh', 10);
insert into uur_usuario (UUR_ID, UUR_CHEFE, UUR_DATA_HORA_EXCLUSAO, UUR_EMAIL, UUR_LOGIN, UUR_NOME, UUR_SENHA, DPR_ID) values (17, 0, null, 'userdrh@sisgestor.com', 'userdrh', 'Usuário DRH', 'userdrh', 10);
insert into uur_usuario (UUR_ID, UUR_CHEFE, UUR_DATA_HORA_EXCLUSAO, UUR_EMAIL, UUR_LOGIN, UUR_NOME, UUR_SENHA, DPR_ID) values (18, 0, null, 'gestordfi@sisgestor.com', 'gestordfi', 'Gestor DFI', 'gestordfi', 12);
insert into uur_usuario (UUR_ID, UUR_CHEFE, UUR_DATA_HORA_EXCLUSAO, UUR_EMAIL, UUR_LOGIN, UUR_NOME, UUR_SENHA, DPR_ID) values (19, 0, null, 'userdfi@sisgestor.com', 'userdfi', 'Usuário DFI', 'userdfi', 12);
insert into uur_usuario (UUR_ID, UUR_CHEFE, UUR_DATA_HORA_EXCLUSAO, UUR_EMAIL, UUR_LOGIN, UUR_NOME, UUR_SENHA, DPR_ID) values (20, 0, null, 'gestordpe@sisgestor.com', 'gestordpe', 'Gestor DPE', 'gestordpe', 13);
insert into uur_usuario (UUR_ID, UUR_CHEFE, UUR_DATA_HORA_EXCLUSAO, UUR_EMAIL, UUR_LOGIN, UUR_NOME, UUR_SENHA, DPR_ID) values (21, 0, null, 'user1dpe@sisgestor.com', 'user1dpe', 'Usuário 1 DPE', 'user1dpe', 13);
insert into uur_usuario (UUR_ID, UUR_CHEFE, UUR_DATA_HORA_EXCLUSAO, UUR_EMAIL, UUR_LOGIN, UUR_NOME, UUR_SENHA, DPR_ID) values (22, 0, null, 'user2dpe@sisgestor.com', 'user2dpe', 'Usuário 2 DPE', 'user2dpe', 13);
insert into uur_usuario (UUR_ID, UUR_CHEFE, UUR_DATA_HORA_EXCLUSAO, UUR_EMAIL, UUR_LOGIN, UUR_NOME, UUR_SENHA, DPR_ID) values (23, 0, null, 'gestornmk@sisgestor.com', 'gestornmk', 'Gestor NMK', 'gestornmk', 15);
insert into uur_usuario (UUR_ID, UUR_CHEFE, UUR_DATA_HORA_EXCLUSAO, UUR_EMAIL, UUR_LOGIN, UUR_NOME, UUR_SENHA, DPR_ID) values (24, 0, null, 'usernmk@sisgestor.com', 'usernmk', 'Usuário NMK', 'usernmk', 15);

insert into prm_permissao (PRM_ID, PRM_DESCRICAO) values (1, 'Acesso Minímo ao SisGestor');
insert into prm_permissao (PRM_ID, PRM_DESCRICAO) values (2, 'Manter Departamento');
insert into prm_permissao (PRM_ID, PRM_DESCRICAO) values (3, 'Manter Usuário');
insert into prm_permissao (PRM_ID, PRM_DESCRICAO) values (4, 'Manter Workflow');
insert into prm_permissao (PRM_ID, PRM_DESCRICAO) values (5, 'Utilizar Registro de Workflow');
insert into prm_permissao (PRM_ID, PRM_DESCRICAO) values (6, 'Manter Anexos de Registro de Workflow');
insert into prm_permissao (PRM_ID, PRM_DESCRICAO) values (7, 'Extrair Relatórios');

insert into upm_usuario_permissao (UUR_ID, PRM_ID) values (1, 1);
insert into upm_usuario_permissao (UUR_ID, PRM_ID) values (2, 1);
insert into upm_usuario_permissao (UUR_ID, PRM_ID) values (3, 1);
insert into upm_usuario_permissao (UUR_ID, PRM_ID) values (4, 1);
insert into upm_usuario_permissao (UUR_ID, PRM_ID) values (5, 1);
insert into upm_usuario_permissao (UUR_ID, PRM_ID) values (6, 1);
insert into upm_usuario_permissao (UUR_ID, PRM_ID) values (7, 1);
insert into upm_usuario_permissao (UUR_ID, PRM_ID) values (8, 1);
insert into upm_usuario_permissao (UUR_ID, PRM_ID) values (9, 1);
insert into upm_usuario_permissao (UUR_ID, PRM_ID) values (10, 1);
insert into upm_usuario_permissao (UUR_ID, PRM_ID) values (11, 1);
insert into upm_usuario_permissao (UUR_ID, PRM_ID) values (12, 1);
insert into upm_usuario_permissao (UUR_ID, PRM_ID) values (13, 1);
insert into upm_usuario_permissao (UUR_ID, PRM_ID) values (14, 1);
insert into upm_usuario_permissao (UUR_ID, PRM_ID) values (15, 1);
insert into upm_usuario_permissao (UUR_ID, PRM_ID) values (16, 1);
insert into upm_usuario_permissao (UUR_ID, PRM_ID) values (17, 1);
insert into upm_usuario_permissao (UUR_ID, PRM_ID) values (18, 1);
insert into upm_usuario_permissao (UUR_ID, PRM_ID) values (19, 1);
insert into upm_usuario_permissao (UUR_ID, PRM_ID) values (20, 1);
insert into upm_usuario_permissao (UUR_ID, PRM_ID) values (21, 1);
insert into upm_usuario_permissao (UUR_ID, PRM_ID) values (22, 1);
insert into upm_usuario_permissao (UUR_ID, PRM_ID) values (23, 1);
insert into upm_usuario_permissao (UUR_ID, PRM_ID) values (24, 1);
insert into upm_usuario_permissao (UUR_ID, PRM_ID) values (1, 2);
insert into upm_usuario_permissao (UUR_ID, PRM_ID) values (1, 3);
insert into upm_usuario_permissao (UUR_ID, PRM_ID) values (6, 3);
insert into upm_usuario_permissao (UUR_ID, PRM_ID) values (1, 4);
insert into upm_usuario_permissao (UUR_ID, PRM_ID) values (2, 4);
insert into upm_usuario_permissao (UUR_ID, PRM_ID) values (4, 4);
insert into upm_usuario_permissao (UUR_ID, PRM_ID) values (6, 4);
insert into upm_usuario_permissao (UUR_ID, PRM_ID) values (8, 4);
insert into upm_usuario_permissao (UUR_ID, PRM_ID) values (10, 4);
insert into upm_usuario_permissao (UUR_ID, PRM_ID) values (12, 4);
insert into upm_usuario_permissao (UUR_ID, PRM_ID) values (14, 4);
insert into upm_usuario_permissao (UUR_ID, PRM_ID) values (16, 4);
insert into upm_usuario_permissao (UUR_ID, PRM_ID) values (18, 4);
insert into upm_usuario_permissao (UUR_ID, PRM_ID) values (20, 4);
insert into upm_usuario_permissao (UUR_ID, PRM_ID) values (23, 4);
insert into upm_usuario_permissao (UUR_ID, PRM_ID) values (1, 5);
insert into upm_usuario_permissao (UUR_ID, PRM_ID) values (2, 5);
insert into upm_usuario_permissao (UUR_ID, PRM_ID) values (3, 5);
insert into upm_usuario_permissao (UUR_ID, PRM_ID) values (4, 5);
insert into upm_usuario_permissao (UUR_ID, PRM_ID) values (5, 5);
insert into upm_usuario_permissao (UUR_ID, PRM_ID) values (6, 5);
insert into upm_usuario_permissao (UUR_ID, PRM_ID) values (8, 5);
insert into upm_usuario_permissao (UUR_ID, PRM_ID) values (9, 5);
insert into upm_usuario_permissao (UUR_ID, PRM_ID) values (10, 5);
insert into upm_usuario_permissao (UUR_ID, PRM_ID) values (11, 5);
insert into upm_usuario_permissao (UUR_ID, PRM_ID) values (12, 5);
insert into upm_usuario_permissao (UUR_ID, PRM_ID) values (13, 5);
insert into upm_usuario_permissao (UUR_ID, PRM_ID) values (14, 5);
insert into upm_usuario_permissao (UUR_ID, PRM_ID) values (15, 5);
insert into upm_usuario_permissao (UUR_ID, PRM_ID) values (16, 5);
insert into upm_usuario_permissao (UUR_ID, PRM_ID) values (17, 5);
insert into upm_usuario_permissao (UUR_ID, PRM_ID) values (18, 5);
insert into upm_usuario_permissao (UUR_ID, PRM_ID) values (19, 5);
insert into upm_usuario_permissao (UUR_ID, PRM_ID) values (20, 5);
insert into upm_usuario_permissao (UUR_ID, PRM_ID) values (21, 5);
insert into upm_usuario_permissao (UUR_ID, PRM_ID) values (22, 5);
insert into upm_usuario_permissao (UUR_ID, PRM_ID) values (23, 5);
insert into upm_usuario_permissao (UUR_ID, PRM_ID) values (24, 5);
insert into upm_usuario_permissao (UUR_ID, PRM_ID) values (1, 6);
insert into upm_usuario_permissao (UUR_ID, PRM_ID) values (2, 6);
insert into upm_usuario_permissao (UUR_ID, PRM_ID) values (3, 6);
insert into upm_usuario_permissao (UUR_ID, PRM_ID) values (4, 6);
insert into upm_usuario_permissao (UUR_ID, PRM_ID) values (5, 6);
insert into upm_usuario_permissao (UUR_ID, PRM_ID) values (6, 6);
insert into upm_usuario_permissao (UUR_ID, PRM_ID) values (8, 6);
insert into upm_usuario_permissao (UUR_ID, PRM_ID) values (9, 6);
insert into upm_usuario_permissao (UUR_ID, PRM_ID) values (10, 6);
insert into upm_usuario_permissao (UUR_ID, PRM_ID) values (11, 6);
insert into upm_usuario_permissao (UUR_ID, PRM_ID) values (12, 6);
insert into upm_usuario_permissao (UUR_ID, PRM_ID) values (13, 6);
insert into upm_usuario_permissao (UUR_ID, PRM_ID) values (14, 6);
insert into upm_usuario_permissao (UUR_ID, PRM_ID) values (15, 6);
insert into upm_usuario_permissao (UUR_ID, PRM_ID) values (16, 6);
insert into upm_usuario_permissao (UUR_ID, PRM_ID) values (17, 6);
insert into upm_usuario_permissao (UUR_ID, PRM_ID) values (18, 6);
insert into upm_usuario_permissao (UUR_ID, PRM_ID) values (19, 6);
insert into upm_usuario_permissao (UUR_ID, PRM_ID) values (20, 6);
insert into upm_usuario_permissao (UUR_ID, PRM_ID) values (21, 6);
insert into upm_usuario_permissao (UUR_ID, PRM_ID) values (22, 6);
insert into upm_usuario_permissao (UUR_ID, PRM_ID) values (23, 6);
insert into upm_usuario_permissao (UUR_ID, PRM_ID) values (24, 6);

insert into wor_workflow (WOR_ID, WOR_DESCRICAO, WOR_NOME, WOR_ATIVO, WOR_DATA_HORA_EXCLUSAO) values (1, 'Implementação do nível G do MPS.Br', 'Nível G MPS.Br', 0, null);
insert into wor_workflow (WOR_ID, WOR_DESCRICAO, WOR_NOME, WOR_ATIVO, WOR_DATA_HORA_EXCLUSAO) values (2, 'Faz toda a contratação de novos colaboradores da empresa.', 'Contratação de colaboradores', 0, null);
insert into wor_workflow (WOR_ID, WOR_DESCRICAO, WOR_NOME, WOR_ATIVO, WOR_DATA_HORA_EXCLUSAO) values (3, 'Descreve o fluxo para gerir uma mudança', 'Gestão de Mudanças', 0, null);

insert into cam_campo (CAM_ID, CAM_DESCRICAO, CAM_NOME, CAM_OBRIGATORIO, CAM_TIPO, WOR_ID) values (2, null, 'Conhecimento', 0, 5, 2);
insert into cam_campo (CAM_ID, CAM_DESCRICAO, CAM_NOME, CAM_OBRIGATORIO, CAM_TIPO, WOR_ID) values (3, 'Orientação sexual', 'Sexo', 0, 4, 2);
insert into cam_campo (CAM_ID, CAM_DESCRICAO, CAM_NOME, CAM_OBRIGATORIO, CAM_TIPO, WOR_ID) values (4, 'Conhecimento do idioma', 'Idioma', 0, 3, 2);
insert into cam_campo (CAM_ID, CAM_DESCRICAO, CAM_NOME, CAM_OBRIGATORIO, CAM_TIPO, WOR_ID) values (5, 'Salário para a vaga, em reais', 'Salário', 0, 5, 2);
insert into cam_campo (CAM_ID, CAM_DESCRICAO, CAM_NOME, CAM_OBRIGATORIO, CAM_TIPO, WOR_ID) values (6, 'Data de ocorrência', 'Data de ocorrência', 0, 1, 3);
insert into cam_campo (CAM_ID, CAM_DESCRICAO, CAM_NOME, CAM_OBRIGATORIO, CAM_TIPO, WOR_ID) values (7, 'Defeito diagnosticado', 'Defeito', 0, 5, 3);
insert into cam_campo (CAM_ID, CAM_DESCRICAO, CAM_NOME, CAM_OBRIGATORIO, CAM_TIPO, WOR_ID) values (8, 'Sistema em que ocorreu o problema', 'Sistema de origem', 0, 5, 3);
insert into cam_campo (CAM_ID, CAM_DESCRICAO, CAM_NOME, CAM_OBRIGATORIO, CAM_TIPO, WOR_ID) values (9, 'Solução adotada para correção do problema', 'Solução adotada', 0, 5, 3);
insert into cam_campo (CAM_ID, CAM_DESCRICAO, CAM_NOME, CAM_OBRIGATORIO, CAM_TIPO, WOR_ID) values (11, 'Plataforma em que ocorreu o problema', 'Plataforma', 0, 4, 3);
insert into cam_campo (CAM_ID, CAM_DESCRICAO, CAM_NOME, CAM_OBRIGATORIO, CAM_TIPO, WOR_ID) values (12, null, 'Correção imediata', 0, 4, 3);

insert into opc_opcao_campo (OPC_ID, OPC_DESCRICAO, OPC_VALOR, CAM_ID) values (1, 'Feminino', 0, 3);
insert into opc_opcao_campo (OPC_ID, OPC_DESCRICAO, OPC_VALOR, CAM_ID) values (2, 'Masculino', 1, 3);
insert into opc_opcao_campo (OPC_ID, OPC_DESCRICAO, OPC_VALOR, CAM_ID) values (3, 'Espanhol', 0, 4);
insert into opc_opcao_campo (OPC_ID, OPC_DESCRICAO, OPC_VALOR, CAM_ID) values (4, 'Francês', 1, 4);
insert into opc_opcao_campo (OPC_ID, OPC_DESCRICAO, OPC_VALOR, CAM_ID) values (5, 'Inglês', 2, 4);
insert into opc_opcao_campo (OPC_ID, OPC_DESCRICAO, OPC_VALOR, CAM_ID) values (6, 'Japonês', 3, 4);
insert into opc_opcao_campo (OPC_ID, OPC_DESCRICAO, OPC_VALOR, CAM_ID) values (7, 'Mandarim', 4, 4);
insert into opc_opcao_campo (OPC_ID, OPC_DESCRICAO, OPC_VALOR, CAM_ID) values (14, 'AiX', 0, 11);
insert into opc_opcao_campo (OPC_ID, OPC_DESCRICAO, OPC_VALOR, CAM_ID) values (15, 'Mainframe', 1, 11);
insert into opc_opcao_campo (OPC_ID, OPC_DESCRICAO, OPC_VALOR, CAM_ID) values (16, 'Unix', 2, 11);
insert into opc_opcao_campo (OPC_ID, OPC_DESCRICAO, OPC_VALOR, CAM_ID) values (17, 'Windows', 3, 11);
insert into opc_opcao_campo (OPC_ID, OPC_DESCRICAO, OPC_VALOR, CAM_ID) values (18, 'Não', 0, 12);
insert into opc_opcao_campo (OPC_ID, OPC_DESCRICAO, OPC_VALOR, CAM_ID) values (19, 'Sim', 1, 12);

insert into pro_processo (PRO_ID, PRO_DESCRICAO, PRO_NOME, PRO_LEFT, PRO_TOP, WOR_ID) values (1, 'Definição Inicial do Projeto', 'Fase 1', 0, 0, 1);
insert into pro_processo (PRO_ID, PRO_DESCRICAO, PRO_NOME, PRO_LEFT, PRO_TOP, WOR_ID) values (2, 'Definição de Requisitos', 'Fase 2', 100, 0, 1);
insert into pro_processo (PRO_ID, PRO_DESCRICAO, PRO_NOME, PRO_LEFT, PRO_TOP, WOR_ID) values (3, 'Análise & Projeto', 'Fase 3', 200, 0, 1);
insert into pro_processo (PRO_ID, PRO_DESCRICAO, PRO_NOME, PRO_LEFT, PRO_TOP, WOR_ID) values (4, 'Implementação', 'Fase 4', 300, 0, 1);
insert into pro_processo (PRO_ID, PRO_DESCRICAO, PRO_NOME, PRO_LEFT, PRO_TOP, WOR_ID) values (5, 'Testes', 'Fase 5', 400, 0, 1);
insert into pro_processo (PRO_ID, PRO_DESCRICAO, PRO_NOME, PRO_LEFT, PRO_TOP, WOR_ID) values (6, 'Implantação', 'Fase 6', 500, 0, 1);
insert into pro_processo (PRO_ID, PRO_DESCRICAO, PRO_NOME, PRO_LEFT, PRO_TOP, WOR_ID) values (7, 'Processo de seleção para novos colaboradores da organização.', 'Processo Seletivo', null, null, 2);
insert into pro_processo (PRO_ID, PRO_DESCRICAO, PRO_NOME, PRO_LEFT, PRO_TOP, WOR_ID) values (8, 'Solicita uma mudança', 'Solicitação de Mudança', null, null, 3);

insert into trp_transacao_processo (TRP_ID, PRO_ID_ANTERIOR, PRO_ID_POSTERIOR) values (1, 1, 2);
insert into trp_transacao_processo (TRP_ID, PRO_ID_ANTERIOR, PRO_ID_POSTERIOR) values (2, 3, 4);
insert into trp_transacao_processo (TRP_ID, PRO_ID_ANTERIOR, PRO_ID_POSTERIOR) values (3, 4, 5);
insert into trp_transacao_processo (TRP_ID, PRO_ID_ANTERIOR, PRO_ID_POSTERIOR) values (4, 5, 6);
insert into trp_transacao_processo (TRP_ID, PRO_ID_ANTERIOR, PRO_ID_POSTERIOR) values (5, 2, 3);

insert into ati_atividade (ATI_ID, ATI_DESCRICAO, ATI_NOME, ATI_LEFT, ATI_TOP, DRP_ID, PRO_ID) values (1, 'Levantar o problema a ser resolvido de forma a identificar as características de alto nível do sistema estabelecendo o escopo do projeto.', 'Definir Escopo do Projeto', null, null, 6, 1);
insert into ati_atividade (ATI_ID, ATI_DESCRICAO, ATI_NOME, ATI_LEFT, ATI_TOP, DRP_ID, PRO_ID) values (2, 'Avaliar junto ao cliente o escopo do projeto definido estabelecendo um acordo sobre o mesmo.', 'Obter Aprovação do Escopo do Projeto', null, null, 6, 1);
insert into ati_atividade (ATI_ID, ATI_DESCRICAO, ATI_NOME, ATI_LEFT, ATI_TOP, DRP_ID, PRO_ID) values (3, 'Elaborar uma visão preliminar de quais serão as funcionalidades do sistema para permitir uma estimativa inicial.', 'Elaborar Estimativa Preliminar do Projeto', null, null, 6, 1);
insert into ati_atividade (ATI_ID, ATI_DESCRICAO, ATI_NOME, ATI_LEFT, ATI_TOP, DRP_ID, PRO_ID) values (4, 'Realiza a aprovação dos possíveis selecionados', 'Aprovar Candidatos', 333, 134, 13, 7);
insert into ati_atividade (ATI_ID, ATI_DESCRICAO, ATI_NOME, ATI_LEFT, ATI_TOP, DRP_ID, PRO_ID) values (5, 'Realiza o primeiro pagamento dos aprovados', 'Realizar Pagamento', 566, 118, 12, 7);
insert into ati_atividade (ATI_ID, ATI_DESCRICAO, ATI_NOME, ATI_LEFT, ATI_TOP, DRP_ID, PRO_ID) values (6, 'Divulga pelos meios convenientes a vaga disponível', 'Divulgar Vaga', 104, 145, 15, 7);
insert into ati_atividade (ATI_ID, ATI_DESCRICAO, ATI_NOME, ATI_LEFT, ATI_TOP, DRP_ID, PRO_ID) values (7, 'Efetuar correção do problema diagnosticado', 'Corrigir um defeito', null, null, 5, 8);

insert into tra_transacao_atividade (TRA_ID, ATI_ID_ANTERIOR, ATI_ID_POSTERIOR) values (2, 6, 4);
insert into tra_transacao_atividade (TRA_ID, ATI_ID_ANTERIOR, ATI_ID_POSTERIOR) values (3, 4, 5);

insert into tar_tarefa (TAR_ID, TAR_DESCRICAO, TAR_NOME, TAR_LEFT, TAR_TOP, ATI_ID, UUR_ID) values (1, 'Seleciona os currículos de acordo com a necessidade', 'Selecionar Currículos', 117, 101, 4, 21);
insert into tar_tarefa (TAR_ID, TAR_DESCRICAO, TAR_NOME, TAR_LEFT, TAR_TOP, ATI_ID, UUR_ID) values (2, 'Realiza o teste de conhecimentos', 'Realizar Teste Escrito', 306, 106, 4, 21);
insert into tar_tarefa (TAR_ID, TAR_DESCRICAO, TAR_NOME, TAR_LEFT, TAR_TOP, ATI_ID, UUR_ID) values (3, 'Realizar dinâmica dos selecionados', 'Dinâmica em Grupo', 510, 108, 4, 22);
insert into tar_tarefa (TAR_ID, TAR_DESCRICAO, TAR_NOME, TAR_LEFT, TAR_TOP, ATI_ID, UUR_ID) values (4, 'Entrevista dos selecionados', 'Entrevista', 319, 276, 4, 20);
insert into tar_tarefa (TAR_ID, TAR_DESCRICAO, TAR_NOME, TAR_LEFT, TAR_TOP, ATI_ID, UUR_ID) values (5, 'Elaborar material para divulgação', 'Preparar Material de Divulgação', 173, 114, 6, 24);
insert into tar_tarefa (TAR_ID, TAR_DESCRICAO, TAR_NOME, TAR_LEFT, TAR_TOP, ATI_ID, UUR_ID) values (6, 'Realiza a divulgação da vaga pelos meios disponíveis', 'Realizar Divulgação', 358, 105, 6, 24);
insert into tar_tarefa (TAR_ID, TAR_DESCRICAO, TAR_NOME, TAR_LEFT, TAR_TOP, ATI_ID, UUR_ID) values (7, 'Realiza o depósito bancário, parte do primeiro salário, para incentivo', 'Depositar', null, null, 5, 19);

insert into trt_transacao_tarefa (TRT_ID, TAR_ID_ANTERIOR, TAR_ID_POSTERIOR) values (1, 1, 2);
insert into trt_transacao_tarefa (TRT_ID, TAR_ID_ANTERIOR, TAR_ID_POSTERIOR) values (2, 2, 3);
insert into trt_transacao_tarefa (TRT_ID, TAR_ID_ANTERIOR, TAR_ID_POSTERIOR) values (3, 3, 4);
insert into trt_transacao_tarefa (TRT_ID, TAR_ID_ANTERIOR, TAR_ID_POSTERIOR) values (4, 2, 4);
insert into trt_transacao_tarefa (TRT_ID, TAR_ID_ANTERIOR, TAR_ID_POSTERIOR) values (5, 1, 4);
insert into trt_transacao_tarefa (TRT_ID, TAR_ID_ANTERIOR, TAR_ID_POSTERIOR) values (6, 5, 6);

